,color_string,hex,starttime,time_stamp
0,pale green,#05491e,2020-02-10 16:10:09.000000,2020-02-10 16:10:17.358811
1,pale blue,#759eea,2020-02-10 16:10:17.000000,2020-02-10 16:10:25.771700
2,amaranthine,#cc380b,2020-02-10 16:10:25.000000,2020-02-10 16:10:45.384875
3,magenta,#bd18ca,2020-02-10 16:10:45.000000,2020-02-10 16:11:01.010912
4,dark brown,#732e02,2020-02-10 16:11:01.000000,2020-02-10 16:11:13.608265
5,deep green,#72a46a,2020-02-10 16:31:19.000000,2020-02-10 16:31:29.319447
6,violet-red,#6d0630,2020-02-10 16:31:29.000000,2020-02-10 16:31:35.639676
7,dark blue,#0f1ae7,2020-02-10 16:31:35.000000,2020-02-10 16:31:39.918851
8,yellow-red,#e48f1a,2020-02-10 16:31:39.000000,2020-02-10 16:31:54.417014
9,rose,#dc6191,2020-02-10 16:31:54.000000,2020-02-10 16:32:03.856635
10,ruby red,#f4061a,2020-02-10 16:39:21.000000,2020-02-10 16:39:27.877807
11,light violet,#8c27e3,2020-02-10 16:39:27.000000,2020-02-10 16:39:35.415065
12,red-brown,#e14806,2020-02-10 16:39:35.000000,2020-02-10 16:39:41.564132
13,deep yellow,#ebf308,2020-02-10 16:39:41.000000,2020-02-10 16:39:49.560840
14,pale pink,#ef93e6,2020-02-10 16:39:49.000000,2020-02-10 16:39:55.484771
15,yellowish white,#e9e7ca,2020-02-10 16:52:13.000000,2020-02-10 16:52:36.284279
16,black-brown,#211502,2020-02-10 16:52:36.000000,2020-02-10 16:52:58.609903
17,bright yellow,#ecec0a,2020-02-10 16:52:58.000000,2020-02-10 16:53:18.546463
18,jasmine,#555356,2020-02-10 16:53:18.000000,2020-02-10 16:53:40.118959
19,slightly pink,#ea77e0,2020-02-10 16:53:40.000000,2020-02-10 16:53:55.025748
20,bright yellow,#faed7d,2020-02-10 16:53:40.000000,2020-02-10 16:54:04.048199
21,pink/purple,#eb0ee0,2020-02-10 16:54:04.000000,2020-02-10 16:54:20.605365
22,red,#fc0106,2020-02-10 16:54:20.000000,2020-02-10 16:54:36.160360
23,light,#0f0c10,2020-02-10 16:54:33.000000,2020-02-10 16:54:39.026534
24,pale purple,#F66F93,2020-02-10 16:54:39.000000,2020-02-10 16:54:51.558901
25,yellow-green,#9ec327,2020-02-10 16:54:36.000000,2020-02-10 16:54:53.112199
26,brown yellow,#a35d02,2020-02-10 16:53:48.000000,2020-02-10 16:55:01.316959
27,lilac,#b974be,2020-02-10 16:54:51.000000,2020-02-10 16:55:01.458842
28,cyan,#74f3f5,2020-02-10 16:55:01.000000,2020-02-10 16:55:10.188998
29,deep red,#ff0005,2020-02-10 16:54:53.000000,2020-02-10 16:55:17.382448
30,orange-red,#d56c2d,2020-02-10 16:55:01.000000,2020-02-10 16:55:40.305359
31,purple-red,#c50aa1,2020-02-10 16:55:10.000000,2020-02-10 16:55:43.810902
32,yellowish white,#fefef3,2020-02-10 16:55:40.000000,2020-02-10 16:55:56.229036
33,yellowish yellow,#f9e97b,2020-02-10 16:55:43.000000,2020-02-10 16:56:06.649339
34,black purple,#320352,2020-02-10 16:56:06.000000,2020-02-10 16:56:14.638676
35,dark purple,#5b0d66,2020-02-10 16:56:11.000000,2020-02-10 16:57:11.617619
36,yellowish,#dad236,2020-02-10 16:57:11.000000,2020-02-10 16:57:34.304612
37,reddish brown,#b44547,2020-02-10 16:57:34.000000,2020-02-10 16:58:18.651716
38,blackish purple,#2f154f,2020-02-10 16:58:18.000000,2020-02-10 16:58:40.916945
39,light-purple,#b6548b,2020-02-10 16:58:40.000000,2020-02-10 16:59:00.146500
40,aquamarine,#26ba9c,2020-02-10 17:01:18.000000,2020-02-10 17:02:05.103327
41,dark turquiose,#0d859e,2020-02-10 17:02:05.000000,2020-02-10 17:02:24.895733
42,,#5d0945,,2020-02-10 17:02:46.581088
43,yellowish green,#5d0945,2020-02-10 17:02:46.000000,2020-02-10 17:02:49.045537
44,yellow,#5d0945,2020-02-10 17:02:49.000000,2020-02-10 17:02:52.365112
45,violet,#5d0945,2020-02-10 17:02:52.000000,2020-02-10 17:02:54.773612
46,deep red,#bd0406,2020-02-10 17:03:12.000000,2020-02-10 17:03:40.265100
47,black purple,#1c004d,2020-02-10 17:03:40.000000,2020-02-10 17:03:52.617933
48,dark purple,#360444,2020-02-10 17:03:52.000000,2020-02-10 17:04:09.946498
49,dark-red,#5b0101,2020-02-10 17:04:09.000000,2020-02-10 17:04:19.862034
50,translucent,#deebfc,2020-02-10 17:04:19.000000,2020-02-10 17:04:39.096851
51,violet-red,#a41143,2020-02-10 17:11:24.000000,2020-02-10 17:12:35.624202
52,dark green,#1b431e,2020-02-10 17:12:35.000000,2020-02-10 17:12:45.227562
53,light-purple,#e5cefa,2020-02-10 17:12:45.000000,2020-02-10 17:12:54.393826
54,crimson,#901218,2020-02-10 17:12:54.000000,2020-02-10 17:13:21.000038
55,deep blue,#0100ff,2020-02-10 17:17:05.000000,2020-02-10 17:17:19.625585
56,red/purple,#902c41,2020-02-10 17:13:21.000000,2020-02-10 17:17:20.377541
57,yellow,#fafc01,2020-02-10 17:17:19.000000,2020-02-10 17:17:35.287778
58,violet,#8305f3,2020-02-10 17:17:11.000000,2020-02-10 17:17:40.739513
59,dark brown,#773100,2020-02-10 17:17:35.000000,2020-02-10 17:18:11.549549
60,red-yellow,#234257,2020-02-10 17:17:27.000000,2020-02-10 17:18:13.449115
61,violet,#3f2045,2020-02-10 17:18:13.000000,2020-02-10 17:18:16.818079
62,black red,#8a0001,2020-02-10 17:17:40.000000,2020-02-10 17:18:17.943396
63,light red,#DBDB96,2020-02-10 17:18:16.000000,2020-02-10 17:18:18.517581
64,violet red,#191B9C,2020-02-10 17:18:18.000000,2020-02-10 17:18:19.875233
65,aquamarine,#E5A8B5,2020-02-10 17:18:19.000000,2020-02-10 17:18:23.256342
66,red purple,#a8073f,2020-02-10 17:18:11.000000,2020-02-10 17:18:26.063979
67,cyan,#02fbfb,2020-02-10 17:18:26.000000,2020-02-10 17:18:34.088232
68,colorless,#dfebdf,2020-02-10 17:18:17.000000,2020-02-10 17:18:51.737173
69,black-brown,#3f1d03,2020-02-10 17:18:51.000000,2020-02-10 17:19:08.218948
70,azure,#05a3c9,2020-02-10 17:19:08.000000,2020-02-10 17:19:35.175699
71,light-brown,#ab957c,2020-02-10 17:20:56.000000,2020-02-10 17:21:12.929144
72,peach,#e59d08,2020-02-10 17:21:12.000000,2020-02-10 17:21:28.165445
73,azure,#4696ee,2020-02-10 17:21:28.000000,2020-02-10 17:21:38.415893
74,reddish,#771f06,2020-02-10 17:21:38.000000,2020-02-10 17:21:54.690331
75,greenish-blue,#0aab71,2020-02-10 17:21:54.000000,2020-02-10 17:22:03.924856
76,light purple,#e4b3f2,2020-02-10 17:27:13.000000,2020-02-10 17:27:57.988902
77,brown yellow,#e4a552,2020-02-10 17:27:57.000000,2020-02-10 17:28:09.845563
78,deep yellow,#fbd402,2020-02-10 17:28:09.000000,2020-02-10 17:28:21.299058
79,deep brown,#3f2101,2020-02-10 17:28:21.000000,2020-02-10 17:28:31.609212
80,dark yellow,#fbd702,2020-02-10 17:28:31.000000,2020-02-10 17:28:43.585281
81,green-blue,#65eaba,2020-02-10 18:08:36.000000,2020-02-10 18:09:07.550531
82,navy blue,#2508be,2020-02-10 18:09:07.000000,2020-02-10 18:09:24.473302
83,pale violet,#ea6ebe,2020-02-10 18:09:24.000000,2020-02-10 18:09:39.749069
84,deep red,#f70404,2020-02-10 18:09:39.000000,2020-02-10 18:09:50.580533
85,orange yellow,#e9ca0f,2020-02-10 18:09:50.000000,2020-02-10 18:09:58.601393
86,purple black,#24010d,2020-02-10 18:15:06.000000,2020-02-10 18:15:35.346734
87,amber,#ef7409,2020-02-10 18:15:35.000000,2020-02-10 18:16:49.505128
88,purple,#c02ef0,2020-02-10 18:16:49.000000,2020-02-10 18:16:59.179961
89,bright yellow,#efd90d,2020-02-10 18:16:59.000000,2020-02-10 18:17:17.864263
90,intense violet,#480c56,2020-02-10 18:17:17.000000,2020-02-10 18:18:11.774089
91,yellowish green,#b9da30,2020-02-10 19:49:22.000000,2020-02-10 19:50:00.424955
92,light pink,#f7e8f5,2020-02-10 19:50:00.000000,2020-02-10 19:50:19.485505
93,brown-red,#50061d,2020-02-10 19:50:19.000000,2020-02-10 19:51:00.974966
94,peach,#f7b578,2020-02-10 19:51:00.000000,2020-02-10 19:51:32.095126
95,yellowish yellow,#faeb1f,2020-02-10 19:51:32.000000,2020-02-10 19:51:50.361982
96,orange red,#f83e03,2020-02-10 20:13:24.000000,2020-02-10 20:13:43.694892
97,faint pink,#fad6fb,2020-02-10 20:13:43.000000,2020-02-10 20:13:56.225403
98,dull dark black,#3b3b3d,2020-02-10 20:13:56.000000,2020-02-10 20:14:32.428525
99,amber,#ee6f0c,2020-02-10 20:14:32.000000,2020-02-10 20:17:15.917019
100,greenish-blue,#04efdf,2020-02-10 20:17:15.000000,2020-02-10 20:17:33.497055
101,light red,#ea4e52,2020-02-10 20:38:59.000000,2020-02-10 20:39:08.543651
102,light purple,#8d47e5,2020-02-10 20:39:08.000000,2020-02-10 20:39:17.580440
103,orange red,#e56132,2020-02-10 20:39:17.000000,2020-02-10 20:45:42.464123
104,deep-blue,#000467,2020-02-10 20:45:42.000000,2020-02-10 20:52:56.375522
105,ruby red,#b01308,2020-02-10 20:52:56.000000,2020-02-10 20:53:13.435829
106,dark-violet,#441078,2020-02-10 21:38:00.000000,2020-02-10 21:38:15.018146
107,white,#ecedf4,2020-02-10 21:38:15.000000,2020-02-10 21:38:25.434743
108,light-purple,#a578de,2020-02-10 21:38:25.000000,2020-02-10 21:38:42.124713
109,blue violet,#7164d3,2020-02-10 21:38:42.000000,2020-02-10 21:39:33.637861
110,blue,#1517e0,2020-02-10 21:39:33.000000,2020-02-10 21:39:55.048769
111,pale green,#85db8c,2020-02-10 22:11:36.000000,2020-02-10 22:12:15.005789
112,amber,#e19e19,2020-02-10 22:12:15.000000,2020-02-10 22:13:01.889083
113,dark-violet,#260574,2020-02-10 22:13:01.000000,2020-02-10 22:13:14.920690
114,blackish purple,#3a142d,2020-02-10 22:13:14.000000,2020-02-10 22:13:31.197836
115,,#130568,,2020-02-10 22:13:52.573427
116,violet,#130568,2020-02-10 22:13:52.000000,2020-02-10 22:13:54.631670
117,turquoise blue,#130568,2020-02-10 22:13:54.000000,2020-02-10 22:13:58.552940
118,pale yellow,#130568,2020-02-10 22:13:58.000000,2020-02-10 22:13:58.905857
119,greenish-blue,#130568,2020-02-10 22:13:58.000000,2020-02-10 22:13:59.060977
120,purple-blue,#130568,2020-02-10 22:13:59.000000,2020-02-10 22:14:01.889814
121,black purple,#130568,2020-02-10 22:14:01.000000,2020-02-10 22:14:03.739655
122,dark rose,#130568,2020-02-10 22:14:03.000000,2020-02-10 22:14:04.783090
123,cyan,#14056f,2020-02-10 22:14:04.000000,2020-02-10 22:14:26.602104
124,brown-red,#14056f,2020-02-10 22:14:26.000000,2020-02-10 22:14:33.808083
125,turquoise blue,#100266,2020-02-10 22:14:33.000000,2020-02-10 22:15:02.453262
126,green blue,#089c8f,2020-02-10 22:15:04.000000,2020-02-10 22:15:47.128009
127,pale straw,#d6d290,2020-02-10 22:15:47.000000,2020-02-10 22:16:02.928173
128,dark blue,#063d94,2020-02-10 22:16:02.000000,2020-02-10 22:16:15.225550
129,jonquil,#ecea05,2020-02-10 22:16:15.000000,2020-02-10 22:16:47.566717
130,dark purple,#160277,2020-02-10 22:16:47.000000,2020-02-10 22:16:53.509928
131,deep brown,#703d02,2020-02-11 09:24:37.000000,2020-02-11 09:25:14.293713
132,jasmine,#a65345,2020-02-11 09:25:14.000000,2020-02-11 09:25:25.205321
133,black green,#293421,2020-02-11 09:25:25.000000,2020-02-11 09:25:46.153669
134,yellowish white,#d9ea09,2020-02-11 09:25:46.000000,2020-02-11 09:26:03.512169
135,violet-red,#b34978,2020-02-11 09:26:03.000000,2020-02-11 09:26:22.169945
136,pale pink,#ffb8e5,2020-02-11 12:19:28.000000,2020-02-11 12:19:42.870815
137,bright yellow,#ffb600,2020-02-11 12:19:42.000000,2020-02-11 12:20:29.449676
138,magenta,#eb1aca,2020-02-11 12:20:29.000000,2020-02-11 12:20:42.196944
139,deep brown,#5d4439,2020-02-11 12:20:42.000000,2020-02-11 12:20:57.671285
140,pale-yellow,#feffa0,2020-02-11 12:20:57.000000,2020-02-11 12:21:28.761542
141,reddish brown,#773f33,2020-02-11 13:09:09.000000,2020-02-11 13:25:03.856720
142,colorless,#ffffff,2020-02-11 13:25:03.000000,2020-02-11 13:26:21.307812
143,brown,#4c3627,2020-02-11 13:26:21.000000,2020-02-11 13:26:31.598644
144,deep blue,#1304f8,2020-02-11 13:26:31.000000,2020-02-11 13:26:38.879045
145,pink-purple,#b656bd,2020-02-11 13:26:38.000000,2020-02-11 13:27:07.387319
146,light orange,#f1cd4f,2020-02-11 19:58:06.000000,2020-02-11 19:59:11.708090
147,dark-blue,#020851,2020-02-11 19:59:11.000000,2020-02-11 19:59:27.197804
148,deep brown,#523900,2020-02-11 19:59:27.000000,2020-02-11 20:00:57.645796
149,pink-red,#ff008b,2020-02-11 20:00:57.000000,2020-02-11 20:01:20.082729
150,golden yellow,#f9e139,2020-02-11 20:01:20.000000,2020-02-11 20:01:51.096603
151,turquoise blue,#51ddd6,2020-02-11 20:44:53.000000,2020-02-11 20:45:44.933477
152,red-orange,#ef5835,2020-02-11 20:45:44.000000,2020-02-11 20:46:03.307037
153,dull dark black,#474746,2020-02-11 20:46:03.000000,2020-02-11 20:46:24.352795
154,yellowish yellow,#e8f59b,2020-02-11 20:46:24.000000,2020-02-11 20:46:45.877997
155,whiteish colorless,#f4f0f1,2020-02-11 20:46:45.000000,2020-02-11 20:47:18.802301
156,pale yellow,#f6f6bd,2020-02-11 20:53:14.000000,2020-02-11 20:54:11.530893
157,light pink,#f57ad3,2020-02-11 21:01:01.000000,2020-02-11 21:01:16.933785
158,red purple,#9f075c,2020-02-11 21:01:16.000000,2020-02-11 21:01:27.305760
159,dark-red,#7b0d05,2020-02-11 21:01:27.000000,2020-02-11 21:02:20.875386
160,black green,#054b00,2020-02-11 21:02:20.000000,2020-02-11 21:02:37.895674
161,brown,#473000,2020-02-11 21:02:37.000000,2020-02-11 21:02:50.721243
162,blue green,#34f7f7,2020-02-11 21:19:16.000000,2020-02-11 21:19:52.389185
163,dark red,#7c060f,2020-02-11 21:28:42.000000,2020-02-11 21:29:21.167746
164,whiteish colorless,#e2e2d8,2020-02-11 21:29:21.000000,2020-02-11 21:30:14.349636
165,dark pink,#a6478b,2020-02-11 21:30:14.000000,2020-02-11 21:30:55.022974
166,amber,#f4c436,2020-02-11 21:30:55.000000,2020-02-11 21:31:45.230330
167,pale blue,#abb9f4,2020-02-11 21:31:45.000000,2020-02-11 21:31:55.780194
168,,#192601,,2020-02-11 22:13:30.405841
169,deep brown,#192601,2020-02-11 22:13:30.000000,2020-02-11 22:13:33.735829
170,blackish purple,#192601,2020-02-11 22:13:33.000000,2020-02-11 22:13:36.582738
171,amber,#192601,2020-02-11 22:13:36.000000,2020-02-11 22:13:40.797209
172,red-black,#1a2701,2020-02-11 22:13:40.000000,2020-02-11 22:14:08.402844
173,pale violet,#1a2701,2020-02-11 22:14:08.000000,2020-02-11 22:14:09.449880
174,pale violet,#1a2701,2020-02-11 22:14:09.000000,2020-02-11 22:14:10.532678
175,lilac,#1a2701,2020-02-11 22:14:10.000000,2020-02-11 22:14:12.227190
176,ruby red,#ec310f,2020-02-11 22:38:43.000000,2020-02-11 22:39:14.770276
177,cyan,#09eaed,2020-02-11 22:39:14.000000,2020-02-11 22:39:33.082702
178,cyan,#0af1f5,2020-02-11 22:39:33.000000,2020-02-11 22:40:10.661743
179,yellow,#e5ed1f,2020-02-11 22:40:10.000000,2020-02-11 22:40:31.840292
180,black purple,#490491,2020-02-11 22:40:31.000000,2020-02-11 22:40:58.552168
181,yellow-red,#e9b90f,2020-02-11 22:41:10.000000,2020-02-11 22:41:45.229497
182,red brown,#ac4107,2020-02-11 22:41:45.000000,2020-02-11 22:42:17.706667
183,pink-purple,#b424ab,2020-02-11 22:42:17.000000,2020-02-11 22:42:38.148113
184,greenish green,#78ed30,2020-02-11 22:42:38.000000,2020-02-11 22:42:52.873827
185,purple red,#7b0747,2020-02-11 22:42:52.000000,2020-02-11 22:43:10.598016
186,dark-violet,#3c0781,2020-02-11 23:41:55.000000,2020-02-11 23:42:29.363012
187,pale yellow,#c9c27a,2020-02-11 23:42:29.000000,2020-02-11 23:42:57.470725
188,deep green,#096105,2020-02-11 23:42:57.000000,2020-02-11 23:43:29.917259
189,dark green,#0b591c,2020-02-11 23:43:29.000000,2020-02-11 23:43:54.364112
190,green,#179a1f,2020-02-11 23:43:54.000000,2020-02-11 23:44:12.260561
191,turquoise blue,#43b0f2,2020-02-12 06:25:02.000000,2020-02-12 06:25:16.385758
192,green-black,#52664a,2020-02-12 06:25:16.000000,2020-02-12 06:25:26.899792
193,intense purple,#590a65,2020-02-12 06:25:26.000000,2020-02-12 06:25:36.648141
194,deep blue,#1206f2,2020-02-12 06:25:36.000000,2020-02-12 06:25:44.393451
195,red-violet,#cb0861,2020-02-12 06:25:44.000000,2020-02-12 06:25:50.172224
196,light colorless,#ffffff,2020-02-12 06:26:58.000000,2020-02-12 06:27:17.229407
197,violet,#f405b2,2020-02-12 06:27:17.000000,2020-02-12 06:27:22.883879
198,green,#04590f,2020-02-12 06:27:22.000000,2020-02-12 06:27:28.922166
199,light green,#1fd033,2020-02-12 06:27:28.000000,2020-02-12 06:27:34.752006
200,scarlet,#f00659,2020-02-12 06:27:34.000000,2020-02-12 06:27:41.192374
